[{"title":"Calendso: The open source Calendly alternative","link":"https://calendso.com","age":"1 hour ago"},{"title":"Don't Pick Up: Missed calls in India","link":"https://restofworld.org/2021/the-rise-and-fall-of-missed-calls-in-india/","age":"9 hours ago"},{"title":"Images of Hatha Yoga from the Joga Pradīpikā (19th Century)","link":"https://publicdomainreview.org/collection/hatha-yoga-images-from-the-joga-pradipika","age":"3 hours ago"},{"title":"We Keep Telling the Myth of a Renaissance Golden Age and Bad Middle Ages (2020)","link":"https://www.exurbe.com/black-death-covid-and-why-we-keep-telling-the-myth-of-a-renaissance-golden-age-and-bad-middle-ages/","age":"6 hours ago"},{"title":"Psilocybin: Magic mushroom compound 'promising' for depression","link":"https://www.bbc.co.uk/news/health-56745139","age":"4 hours ago"},{"title":"Segcache: A memory-efficient and scalable key-value cache for small objects [pdf]","link":"https://www.usenix.org/system/files/nsdi21-yang.pdf","age":"5 hours ago"},{"title":"France cuts two nuclear-powered submarines in half to make one new one","link":"https://abc17news.com/news/national-world/2021/04/14/france-cuts-two-nuclear-powered-submarines-in-half-to-make-one-new-one/","age":"2 hours ago"},{"title":"Don't Use Google Chrome","link":"https://spreadprivacy.com/block-floc-with-duckduckgo/","age":"2 hours ago"},{"title":"Show HN: Run unknown shell script with a line-by-line confirmation prompt","link":"https://gist.github.com/wlib/093f8b8f670016813073a4c4f8b28e81","age":"13 hours ago"},{"title":"The Crow Whisperer: What happens when we talk to animals?","link":"https://harpers.org/archive/2021/04/the-crow-whisperer-animal-communicators/","age":"8 hours ago"},{"title":"Find eng roles at over 800 fast-growing YC startups at Y Combinator.com/jobs","link":"https://ycombinator.com/jobs","age":"2 hours ago"},{"title":"Terraform 0.15 General Availability","link":"https://www.hashicorp.com/blog/announcing-hashicorp-terraform-0-15-general-availability","age":"14 hours ago"},{"title":"Yamauchi No.10 Family Office","link":"https://y-n10.com/","age":"1 day ago"},{"title":"Ask HN: Twilio blocked our account and with it hundreds of our customers","link":"item?id=26815768","age":"6 hours ago"},{"title":"Brian Armstrong seeking cofounder on HN (2012)","link":"https://news.ycombinator.com/item?id=3754664","age":"7 hours ago"},{"title":"SQLite the only database you will ever need in most cases","link":"https://unixsheikh.com/articles/sqlite-the-only-database-you-will-ever-need-in-most-cases.html","age":"2 hours ago"},{"title":"History of Logo (2020) [pdf]","link":"https://escholarship.org/content/qt1623m1p3/qt1623m1p3.pdf","age":"6 hours ago"},{"title":"The TTY Demystified (2008)","link":"http://www.linusakesson.net/programming/tty/index.php","age":"13 hours ago"},{"title":"wxWidgets 3.1.5","link":"http://wxwidgets.org/news/2021/04/wxwidgets-3.1.5-released/","age":"5 hours ago"},{"title":"Backpressure (2019)","link":"https://www.tedinski.com/2019/03/05/backpressure.html","age":"3 hours ago"},{"title":"Coinbase from YC to DPO","link":"https://blog.ycombinator.com/coinbase-from-yc-to-ipo/","age":"18 hours ago"},{"title":"Butterchurn – A WebGL Implementation of the Milkdrop Visualizer","link":"https://github.com/jberg/butterchurn","age":"12 hours ago"},{"title":"Show HN: Lofi.cafe","link":"https://lofi.cafe","age":"22 hours ago"},{"title":"Redundant Stories about Redundancy","link":"https://wordsandbuttons.online/redundant_stories_about_redundancy.html","age":"2 hours ago"},{"title":"A new twist on using ‘personalized’ stem cells for studying dementia","link":"https://singularityhub.com/2021/04/13/a-massive-new-gene-editing-project-is-out-to-crush-alzheimers/","age":"15 hours ago"},{"title":"New GitHub themes for VS Code","link":"https://github.blog/changelog/2021-04-14-new-github-themes-for-vs-code/","age":"5 hours ago"},{"title":"Big SPAC deals don’t need big SPACs","link":"https://www.bloomberg.com/opinion/articles/2021-04-13/grab-spac-mega-merger-isn-t-mega-without-blackrock-pipe","age":"9 hours ago"},{"title":"Show HN: Puppeteer scripts in the Browser, DevTools on remote pages","link":"https://pptrconsole.com?a","age":"7 hours ago"},{"title":"An RFC that adds support for Rust to the Linux kernel","link":"https://lkml.org/lkml/2021/4/14/1023","age":"14 hours ago"},{"title":"Effective altruism is not effective","link":"http://www.philosophersbeard.org/2021/04/effective-altruism-is-not-effective.html","age":"11 hours ago"}]