[{"title":"JBL Tune 125TWS True Wireless Headphones","image":"https://media.kohlsimg.com/is/image/kohls/4493988?wid=240&hei=240&op_sharpen=1","price":"$59.99","isPriceReduced":true,"original_price":"Reg. $99.99"},{"title":"JBL Tune 225TWS True Wireless Earbuds","image":"https://media.kohlsimg.com/is/image/kohls/4493993_Black?wid=240&hei=240&op_sharpen=1","price":"$69.99","isPriceReduced":true,"original_price":"Reg. $99.99"},{"title":"JBL Live 400BT Wireless On-Ear Headphones","image":"https://media.kohlsimg.com/is/image/kohls/3659019_Black?wid=240&hei=240&op_sharpen=1","price":"$99.99","isPriceReduced":false,"original_price":"$99.99"},{"title":"JBL Tune 115TWS True Wireless Headphones","image":"https://media.kohlsimg.com/is/image/kohls/4493986?wid=240&hei=240&op_sharpen=1","price":"$69.99","isPriceReduced":false,"original_price":"$69.99"},{"title":"JBL Live 650BTNC Wireless Over-Ear Noise Cancelling Headphones","image":"https://media.kohlsimg.com/is/image/kohls/3659021_Black?wid=240&hei=240&op_sharpen=1","price":"$199.99","isPriceReduced":false,"original_price":"$199.99"},{"title":"JBL Endurance Peak Waterproof True Wireless In-Ear Sport Headphones","image":"https://media.kohlsimg.com/is/image/kohls/3659023?wid=240&hei=240&op_sharpen=1","price":"$119.99","isPriceReduced":false,"original_price":"$119.99"},{"title":"JBL Endurance Dive Waterproof In-Ear Bluetooth Headphones ","image":"https://media.kohlsimg.com/is/image/kohls/3285215?wid=240&hei=240&op_sharpen=1","price":"$89.99","isPriceReduced":false,"original_price":"$89.99"},{"title":"JBL Endurance Sprint Waterproof In-Ear Bluetooth Headphones","image":"https://media.kohlsimg.com/is/image/kohls/3285211_Black?wid=240&hei=240&op_sharpen=1","price":"$49.99","isPriceReduced":false,"original_price":"$49.99"},{"title":"JBL Tune 120TWS Truly Wireless In-Ear Headphones","image":"https://media.kohlsimg.com/is/image/kohls/3882746?wid=240&hei=240&op_sharpen=1","price":"$99.99","isPriceReduced":false,"original_price":"$99.99"},{"title":"JBL Tune 600BTNC Wireless On-Ear Active Noise-Cancelling Headphones","image":"https://media.kohlsimg.com/is/image/kohls/3659015?wid=240&hei=240&op_sharpen=1","price":"$99.99","isPriceReduced":false,"original_price":"$99.99"},{"title":"JBL Tune 750BTNC Wireless Over-Ear ANC Headphones","image":"https://media.kohlsimg.com/is/image/kohls/4313654_White?wid=240&hei=240&op_sharpen=1","price":"$129.99","isPriceReduced":false,"original_price":"$129.99"},{"title":"JBL Club One Wireless Over-Ear True Adaptive Noise Cancelling Headphones","image":"https://media.kohlsimg.com/is/image/kohls/4313646?wid=240&hei=240&op_sharpen=1","price":"$349.99","isPriceReduced":false,"original_price":"$349.99"},{"title":"JBL Club 700BT Wireless On-Ear Headphones","image":"https://media.kohlsimg.com/is/image/kohls/4313643?wid=240&hei=240&op_sharpen=1","price":"$199.99","isPriceReduced":false,"original_price":"$199.99"},{"title":"JBL Live 300TWS True Wireless In-Ear Headphones","image":"https://media.kohlsimg.com/is/image/kohls/4313647?wid=240&hei=240&op_sharpen=1","price":"$149.99","isPriceReduced":false,"original_price":"$149.99"},{"title":"JBL Free Truly Wireless & Splash-Proof In-Ear Headphones","image":"https://media.kohlsimg.com/is/image/kohls/3285196?wid=240&hei=240&op_sharpen=1","price":"$74.99","isPriceReduced":false,"original_price":"$74.99"},{"title":"JBL Endurance Jump Waterproof In-Ear Bluetooth Headphones","image":"https://media.kohlsimg.com/is/image/kohls/3285213?wid=240&hei=240&op_sharpen=1","price":"$34.99","isPriceReduced":false,"original_price":"$34.99"},{"title":"JBL Endurance Sprint Waterproof In-Ear Bluetooth Headphones","image":"https://media.kohlsimg.com/is/image/kohls/5001777?wid=240&hei=240&op_sharpen=1","price":"$24.99","isPriceReduced":false,"original_price":"$24.99"}]